read all from book,5/26/2023 10:55
read all from book,2023-05-26 10:58:56
read from author,2023-05-26 10:58:56
read all from author,2023-05-26 11:04:46
read all from publisher,2023-05-26 11:04:47
read all from genre,2023-05-26 11:04:48
write tobook,2023-05-26 11:04:51
read all from book,2023-05-26 11:04:59
delete frombook,2023-05-26 11:05:02
read all from book,2023-05-26 14:20:17
read all from book,2023-05-26 14:21:20
read all from book,2023-05-26 14:21:37
read all from book,2023-05-26 14:22:16
read all from book,2023-05-26 14:22:30
read all from book,2023-05-26 14:23:30
read all from book,2023-05-26 14:25:56
read all from book,2023-05-26 14:26:17
read all from genre,2023-05-26 14:54:32
read from author,2023-05-26 15:01:05
read from author,2023-05-26 15:07:21
read from book,2023-05-26 15:10:11
read from book,2023-05-26 15:10:12
read from book,2023-05-26 15:12:38
read from book,2023-05-26 15:12:38
read from book,2023-05-26 15:13:54
